Activity,State,Category ,Park,Area Name
Hiking,AK, National Monument & Preserve, Aniakchak National Monument & Preserve, Aniakchak
Hiking,AK, National Preserve, Bering Land Bridge National Preserve, Bering Land Bridge
Hiking,AK, National Monument, Cape Krusenstern National Monument, Cape Krusenstern
Hiking,AK, National Park & Preserve, Denali National Park & Preserve, Denali
ATV,AK, National Park & Preserve, Glacier Bay National Park & Preserve, Glacier Bay
Astronomy,AK, National Park & Preserve, Denali National Park & Preserve, Denali
Astronomy,AK, National Park, Kenai Fjords National Park, Kenai Fjords
Astronomy,AK, National Park & Preserve, Lake Clark National Park & Preserve, Lake Clark
Camping,AK, Wild River, Alagnak Wild River, Alagnak
Camping,AK, National Monument & Preserve, Aniakchak National Monument & Preserve, Aniakchak
Camping,AK, National Preserve, Bering Land Bridge National Preserve, Bering Land Bridge
Camping,AK, National Monument, Cape Krusenstern National Monument, Cape Krusenstern
Camping,AK, National Park & Preserve, Denali National Park & Preserve, Denali
Camping,AK, National Park & Preserve, Gates Of The Arctic National Park & Preserve, Gates Of The Arctic
Camping,AK, National Park & Preserve, Glacier Bay National Park & Preserve, Glacier Bay
Fishing,AK, Wild River, Alagnak Wild River, Alagnak
Fishing,AK, National Park & Preserve, Glacier Bay National Park & Preserve, Glacier Bay
Fishing,AK, National Park & Preserve, Katmai National Park & Preserve, Katmai
Fishing,AK, National Park, Kenai Fjords National Park, Kenai Fjords
Fishing,AK, National Park, Kobuk Valley National Park, Kobuk Valley
Fishing,AK, National Park & Preserve, Lake Clark National Park & Preserve, Lake Clark
ATV,AL, Parkway, Natchez Trace Parkway, Natchez Trace
ATV,AL, National Historic Trail, Trail Of Tears National Historic Trail, Trail Of Tears
ATV,AL, National Military Park, Horseshoe Bend National Military Park, Horseshoe Bend
ATV,AL, National Preserve, Little River Canyon National Preserve, Little River Canyon
Astronomy,AL, Parkway, Natchez Trace Parkway, Natchez Trace
Astronomy,AL, National Military Park, Horseshoe Bend National Military Park, Horseshoe Bend
Fishing,AL, National Military Park, Horseshoe Bend National Military Park, Horseshoe Bend
Hiking,AR, National Memorial, Arkansas Post National Memorial, Arkansas Post
Hiking,AR, National River, Buffalo National River, Buffalo
ATV,AR, National Park, Hot Springs National Park, Hot Springs
ATV,AR, National Historic Trail, Trail Of Tears National Historic Trail, Trail Of Tears
Camping,AR, National River, Buffalo National River, Buffalo
Fishing,AR, National Memorial, Arkansas Post National Memorial, Arkansas Post
Fishing,AR, National River, Buffalo National River, Buffalo
Fishing,AR, National Park, Hot Springs National Park, Hot Springs
Hiking,AZ, National Monument, Canyon de Chelly National Monument, Canyon de Chelly
Hiking,AZ, National Monument, Chiricahua National Monument, Chiricahua
Hiking,AZ, National Memorial, Coronado National Memorial, Coronado
ATV,AZ, National Recreation Area, Glen Canyon National Recreation Area, Glen Canyon
ATV,AZ, National Recreation Area,Lake Mead National Recreation Area, Lake Mead
ATV,AZ, National Historic Trail, Old Spanish National Historic Trail, Old Spanish
ATV,AZ, National Monument, Canyon de Chelly National Monument, Canyon de Chelly
ATV,AZ, National Memorial, Coronado National Memorial, Coronado
ATV,AZ, National Park, Grand Canyon National Park, Grand Canyon
ATV,AZ, National Monument, Organ Pipe Cactus National Monument, Organ Pipe Cactus
ATV,AZ, National Monument, Grand Canyon-Parashant National Monument, Grand Canyon-Parashant
ATV,AZ, National Park, Petrified Forest National Park, Petrified Forest
ATV,AZ, National Park, Saguaro National Park, Saguaro
Astronomy,AZ, National Monument, Chiricahua National Monument, Chiricahua
Astronomy,AZ, National Recreation Area, Glen Canyon National Recreation Area, Glen Canyon
Astronomy,AZ, National Park,Grand Canyon National Park, Grand Canyon
Astronomy,AZ, National Monument, Montezuma Castle National Monument, Montezuma Castle
Astronomy,AZ, National Monument, Navajo National Monument, Navajo
Astronomy,AZ, National Monument, Organ Pipe Cactus National Monument, Organ Pipe Cactus
Astronomy,AZ, National Monument, Grand Canyon-Parashant National Monument, Grand Canyon-Parashant
Astronomy,AZ, National Park, Petrified Forest National Park, Petrified Forest
Astronomy,AZ, National Monument, Pipe Spring National Monument, Pipe Spring
Astronomy,AZ, National Park, Saguaro National Park, Saguaro
Camping,AZ, National Recreation Area, Glen Canyon National Recreation Area, Glen Canyon National Recreation Area
Camping,AZ, National Monument, Canyon de Chelly National Monument, Canyon de Chelly
Camping,AZ, National Monument, Chiricahua National Monument, Chiricahua
Camping,AZ, National Park, Grand Canyon National Park, Grand Canyon
Fishing,AZ, National Recreation Area, Glen Canyon National Recreation Area, Glen Canyon
Fishing,AZ, National Recreation Area, Lake Mead National Recreation Area, Lake Mead
Fishing,AZ, National Park, Grand Canyon National Park, Grand Canyon
Hiking,CA, National Historic Trail, California National Historic Trail, California
Hiking,CA, National Park, Death Valley National Park, Death Valley
Hiking,CA, National Monument, Cabrillo National Monument, Cabrillo
Hiking,CA, National Park, Channel Islands National Park, Channel Islands
Hiking,CA, National Monument, Devils Postpile National Monument, Devils Postpile
ATV,CA, National Historic Trail, California National Historic Trail, California
ATV,CA, National Historic Trail, Pony Express National Historic Trail, Pony Express
ATV,CA, National Park, Joshua Tree National Park, Joshua Tree
ATV,CA, National Monument,Lava Beds National Monument, Lava Beds
ATV,CA, National Park, Lassen Volcanic National Park, Lassen Volcanic
ATV,CA, National Preserve, Mojave National Preserve, Mojave
ATV,CA," redw, designation", National and State Parks, Redwood National and State Parks
ATV,CA, National Parks, Sequoia & Kings Canyon National Parks, Sequoia & Kings Canyon
ATV,CA, National Historic Trail, Old Spanish National Historic Trail, Old Spanish
Astronomy,CA, National Park, Death Valley National Park, Death Valley
Astronomy,CA, National Park, Channel Islands National Park, Channel Islands
Astronomy,CA, National Monument, Devils Postpile National Monument, Devils Postpile
Astronomy,CA, National Park, Joshua Tree National Park, Joshua Tree
Astronomy,CA, National Monument, Lava Beds National Monument, Lava Beds
Astronomy,CA, National Park, Lassen Volcanic National Park, Lassen Volcanic
Astronomy,CA, National Preserve, Mojave National Preserve, Mojave
Astronomy,CA, National Park, Pinnacles National Park, Pinnacles
Camping,CA, National Monument, Castle Mountains National Monument, Castle Mountains
Camping,CA, National Park, Channel Islands National Park, Channel Islands
Camping,CA, National Monument, Devils Postpile National Monument, Devils Postpile
Camping,CA, National Recreation Area, Golden Gate National Recreation Area, Golden Gate
Fishing,CA, National Park, Channel Islands National Park, Channel Islands
Fishing,CA, National Monument, Devils Postpile National Monument, Devils Postpile
Fishing,CA, National Historic Site, Fort Point National Historic Site, Fort Point
Fishing,CA, National Recreation Area, Golden Gate National Recreation Area, Golden Gate
Fishing,CA, National Park, Lassen Volcanic National Park, Lassen Volcanic
Hiking,CO, National Monument, Dinosaur National Monument, Dinosaur
Hiking,CO, National Historic Site," ""Bents Old Fort National Historic Site"""," ""Bents Old Fort"""
Hiking,CO, National Park, Black Canyon Of The Gunnison National Park, Black Canyon Of The Gunnison
Hiking,CO, National Monument, Colorado National Monument, Colorado
Hiking,CO, National Recreation Area, Curecanti National Recreation Area, Curecanti
Hiking,CO, National Monument, Florissant Fossil Beds National Monument, Florissant Fossil Beds
Hiking,CO, National Historic Trail, California National Historic Trail, California
ATV,CO, National Historic Trail, Santa Fe National Historic Trail, Santa Fe
ATV,CO, National Monument, Colorado National Monument, Colorado
ATV,CO, National Park & Preserve, Great Sand Dunes National Park & Preserve, Great Sand Dunes
ATV,CO, National Park, Mesa Verde National Park, Mesa Verde
ATV,CO, National Park, Rocky Mountain National Park, Rocky Mountain
ATV,CO, National Historic Trail, California National Historic Trail, California
ATV,CO, National Historic Trail, Old Spanish National Historic Trail, Old Spanish
ATV,CO, National Historic Trail, Pony Express National Historic Trail, Pony Express
Astronomy,CO, National Monument, Dinosaur National Monument, Dinosaur
Astronomy,CO, National Monument, Hovenweep National Monument, Hovenweep
Astronomy,CO, National Monument, Florissant Fossil Beds National Monument, Florissant Fossil Beds
Astronomy,CO, National Park & Preserve, Great Sand Dunes National Park & Preserve, Great Sand Dunes
Astronomy,CO, National Park, Mesa Verde National Park, Mesa Verde
Astronomy,CO, National Park, Rocky Mountain National Park, Rocky Mountain
Camping,CO, National Park, Black Canyon Of The Gunnison National Park, Black Canyon Of The Gunnison
Camping,CO, National Monument, Colorado National Monument, Colorado
Camping,CO, National Recreation Area, Curecanti National Recreation Area, Curecanti
Camping,CO, National Monument, Dinosaur National Monument, Dinosaur
Camping,CO, National Park & Preserve, Great Sand Dunes National Park & Preserve, Great Sand Dunes
Fishing,CO, National Monument, Dinosaur National Monument, Dinosaur
Fishing,CO, National Historic Site," ""Bents Old Fort National Historic Site"""," ""Bents Old Fort"""
Fishing,CO, National Park, Black Canyon Of The Gunnison National Park, Black Canyon Of The Gunnison
Fishing,CO, National Recreation Area, Curecanti National Recreation Area, Curecanti
Fishing,CO, National Park & Preserve, Great Sand Dunes National Park & Preserve, Great Sand Dunes
Hiking,CT, National Scenic Trail, Appalachian National Scenic Trail, Appalachian
Astronomy,CT, National Scenic Trail, Appalachian National Scenic Trail, Appalachian
Camping,CT, National Scenic Trail, Appalachian National Scenic Trail, Appalachian
Hiking,DC, National Historical Park, Chesapeake & Ohio Canal National Historical Park, Chesapeake & Ohio Canal
Hiking,DC, National Historical Park, Civil War Defenses of Washington, Civil War Defenses of Washington
ATV,DC, Park, Rock Creek Park, Rock Creek
Astronomy,DC, National Park, Rock Creek Park, Rock Creek
Camping,DC, National Historical Park, Chesapeake & Ohio Canal National Historical Park, Chesapeake & Ohio Canal
Fishing,DC, National Historic Trail, Captain John Smith Chesapeake National Historic Trail, Captain John Smith Chesapeake
Fishing,DC, National Historical Park, Chesapeake & Ohio Canal National Historical Park, Chesapeake & Ohio Canal
Fishing,DC, National Park, Anacostia Park, Anacostia
Fishing,DE, National Historic Trail, Captain John Smith Chesapeake National Historic Trail, Captain John Smith Chesapeake
Fishing,DE, National Historical Park, First State National Historical Park, First State
Hiking,FL, National Preserve, Big Cypress National Preserve, Big Cypress
Hiking,FL, National Seashore, Canaveral National Seashore, Canaveral
Hiking,FL, National Park, Everglades National Park, Everglades
ATV,FL, National Preserve, Big Cypress National Preserve, Big Cypress
ATV,FL, Ecological & Historic Preserve, Timucuan Ecological & Historic Preserve, Timucuan
Astronomy,FL, National Preserve, Big Cypress National Preserve, Big Cypress
Astronomy,FL, National Park, Dry Tortugas National Park, Dry Tortugas
Astronomy,FL, National Park, Everglades National Park, Everglades
Camping,FL, National Seashore, Gulf Islands National Seashore, Gulf Islands
Camping,FL, National Preserve, Big Cypress National Preserve, Big Cypress
Camping,FL, National Park, Biscayne National Park, Biscayne
Camping,FL, National Seashore, Canaveral National Seashore, Canaveral
Camping,FL, National Park, Dry Tortugas National Park, Dry Tortugas
Camping,FL, National Park, Everglades National Park, Everglades
Fishing,FL, National Seashore, Gulf Islands National Seashore, Gulf Islands
Fishing,FL, National Park, Biscayne National Park, Biscayne
Fishing,FL, National Seashore, Canaveral National Seashore, Canaveral
Fishing,FL, National Memorial, De Soto National Memorial, De Soto
Fishing,FL, National Park, Dry Tortugas National Park, Dry Tortugas
Fishing,FL, National Park, Everglades National Park, Everglades
Fishing,FL, National Monument,Fort Matanzas National Monument, Fort Matanzas
Hiking,GA, National Military Park, Chickamauga & Chattanooga National Military Park, Chickamauga & Chattanooga
Hiking,GA, National Recreation Area,Chattahoochee River National Recreation, Chattahoochee River
Hiking,GA, National Military Park, Chickamauga & Chattanooga National Military Park, Chickamauga & Chattanooga
Hiking,GA, National Seashore, Cumberland Island National Seashore, Cumberland Island
Hiking,GA, National Scenic Trail, Appalachian National Scenic Trail, Appalachian
ATV,GA, National Historic Site, Andersonville National Historic Site, Andersonville
ATV,GA, National Military Park, Chickamauga & Chattanooga National Military Park, Chickamauga & Chattanooga
ATV,GA, National Historic Trail, Trail Of Tears National Historic Trail, Trail Of Tears
Astronomy,GA, National Scenic Trail, Appalachian National Scenic Trail, Appalachian
Camping,GA, National Historic Site, Andersonville National Historic Site, Andersonville
Camping,GA, National Seashore, Cumberland Island National Seashore, Cumberland Island
Camping,GA, National Scenic Trail, Appalachian National Scenic Trail, Appalachian
Fishing,GA, National Recreation Area, Chattahoochee River National Recreation Area, Chattahoochee River
Hiking,HI, National Historic Trail, Ala Kahakai National Historic Trail, Ala Kahakai
ATV,HI, National Historic Trail, Ala Kahakai National Historic Trail, Ala Kahakai
Camping,HI, National Historic Trail, Ala Kahakai National Historic Trail, Ala Kahakai
Camping,HI, National Park, HaleakalÄ National Park, HaleakalÄ
Camping,HI, National Park, HawaiÊ»i Volcanoes National Park, HawaiÊ»i Volcanoes
Fishing,HI, National Historic Trail, Ala Kahakai National Historic Trail, Ala Kahakai
Fishing,HI, National Historical Park, Kaloko-HonokÅhau National Historical Park, Kaloko-HonokÅhau
Hiking,IA, National Monument, Effigy Mounds National Monument, Effigy Mounds
ATV,IA, National Historic Trail, Lewis & Clark National Historic Trail, Lewis & Clark
ATV,IA, National Historic Trail, Mormon Pioneer National Historic Trail, Mormon Pioneer
Fishing,IA, National Historic Trail, Lewis & Clark National Historic Trail, Lewis & Clark
Hiking,ID, National Reserve, City Of Rocks National Reserve, City Of Rocks
Hiking,ID, National Monument & Preserve, Craters Of The Moon National Monument & Preserve, Craters Of The Moon
Hiking,ID, National Historic Trail, California National Historic Trail, California
ATV,ID, National Historic Trail, Lewis & Clark National Historic Trail, Lewis & Clark
ATV,ID, National Historic Trail, Oregon National Historic Trail, Oregon
ATV,ID, National Reserve, City Of Rocks National Reserve, City Of Rocks
ATV,ID, National Monument & Preserve, Craters Of The Moon National Monument & Preserve, Craters Of The Moon
ATV,ID, National Monument, Hagerman Fossil Beds National Monument, Hagerman Fossil Beds
ATV,ID, National Historic Trail, California National Historic Trail, California
Astronomy,ID, National Reserve, City Of Rocks National Reserve, City Of Rocks
Camping,ID, National Reserve, City Of Rocks National Reserve, City Of Rocks
Camping,ID, National Monument & Preserve, Craters Of The Moon National Monument & Preserve, Craters Of The Moon
Fishing,ID, National Reserve, City Of Rocks National Reserve, City Of Rocks
Fishing,ID, National Historic Trail, Lewis & Clark National Historic Trail, Lewis & Clark
ATV,IL, National Historic Trail, Mormon Pioneer National Historic Trail, Mormon Pioneer
ATV,IL, National Historic Trail, Lewis & Clark National Historic Trail, Lewis & Clark
ATV,IL, National Historic Trail, Trail Of Tears National Historic Trail, Trail Of Tears
Fishing,IL, National Historic Trail, Lewis & Clark National Historic Trail, Lewis & Clark
ATV,IN, National Park, Indiana Dunes National Park, Indiana Dunes
ATV,IN, National Historic Trail, Lewis & Clark National Historic Trail, Lewis & Clark
Astronomy,IN, National Historical Park, George Rogers Clark National Historical Park, George Rogers Clark
Fishing,IN, National Historical Park, George Rogers Clark National Historical Park, George Rogers Clark
Fishing,IN, National Park, Indiana Dunes National Park, Indiana Dunes
Fishing,IN, National Historic Trail, Lewis & Clark National Historic Trail, Lewis & Clark
Hiking,KS, National Historic Trail, California National Historic Trail, California
ATV,KS, National Historic Trail, California National Historic Trail, California
ATV,KS, National Historic Trail, Lewis & Clark National Historic Trail, Lewis & Clark
ATV,KS, National Historic Trail, Oregon National Historic Trail, Oregon
ATV,KS, National Historic Trail, Pony Express National Historic Trail, Pony Express
ATV,KS, National Historic Trail, Santa Fe National Historic Trail, Santa Fe
Fishing,KS, National Historic Trail, Lewis & Clark National Historic Trail, Lewis & Clark
Hiking,KY, National River & Recreation Area, Big South Fork National River & Recreation Area, Big South Fork
Hiking,KY, National Historical Park, Cumberland Gap National Historical Park, Cumberland Gap
Hiking,KY, National Battlefield, Fort Donelson National Battlefield, Fort Donelson
Hiking,KY, National Monument, Camp Nelson National Monument, Camp Nelson
ATV,KY, National Battlefield, Fort Donelson National Battlefield, Fort Donelson
ATV,KY, National Historic Trail, Trail Of Tears National Historic Trail, Trail Of Tears
Astronomy,KY, National Historical Park, Abraham Lincoln Birthplace National Historical Park, Abraham Lincoln Birthplace
Astronomy,KY, National River & Recreation Area, Big South Fork National River & Recreation Area, Big South Fork
Astronomy,KY, National Park, Mammoth Cave National Park, Mammoth Cave
Camping,KY, National Historical Park, Cumberland Gap National Historical Park, Cumberland Gap
Camping,KY, National River & Recreation Area, Big South Fork National River & Recreation Area, Big South Fork
Fishing,KY, National River & Recreation Area, Big South Fork National River & Recreation Area, Big South Fork
ATV,KY, National Historic Trail, Lewis & Clark National Historic Trail, Lewis & Clark
ATV,LA, National Historic Trail, El Camino Real de los Tejas National Historic Trail, El Camino Real de los Tejas
Fishing,LA, National Historical Park and Preserve, Jean Lafitte National Historical Park and Preserve,New Orleans
Hiking,MA, National Recreation Area, Boston Harbor Islands National Recreation Area, Boston Harbor Islands
Hiking,MA, National Seashore, Cape Cod National Seashore, Cape Cod
Hiking,MA, National Scenic Trail, Appalachian National Scenic Trail, Appalachian
ATV,MA, National Seashore, Cape Cod National Seashore, Cape Cod
Astronomy,MA, National Scenic Trail, Appalachian National Scenic Trail, Appalachian
Camping,MA, National Historical Park, Blackstone River Valley National Historical Park, Blackstone River Valley
Camping,MA, National Recreation Area, Boston Harbor Islands National Recreation Area, Boston Harbor Islands
Camping,MA, National Seashore, Cape Cod National Seashore, Cape Cod
Camping,MA, National Scenic Trail, Appalachian National Scenic Trail, Appalachian
Fishing,MA, National Historical Park, Blackstone River Valley National Historical Park, Blackstone River Valley
Fishing,MA, National Recreation Area, Boston Harbor Islands National Recreation Area, Boston Harbor Islands
Fishing,MA, National Historical Park, Boston National Historical Park, Boston
Fishing,MA, National Seashore, Cape Cod National Seashore, Cape Cod
Hiking,MD, National Historical Park, Chesapeake & Ohio Canal National Historical Park, Chesapeake & Ohio Canal
Hiking,MD, National Battlefield, Antietam National Battlefield, Antietam
Hiking,MD, National Seashore, Assateague Island National Seashore, Assateague Island
Hiking,MD, National Park, Catoctin Mountain Park, Catoctin Mountain
Hiking,MD, National Scenic Trail, Appalachian National Scenic Trail, Appalachian
Hiking,MD, National Historical Park, Civil War Defenses of Washington, Civil War Defenses of Washington
ATV,MD, National Seashore, Assateague Island National Seashore, Assateague Island
ATV,MD, Parkway, Baltimore-Washington Parkway, Baltimore-Washington
ATV,MD, National Battlefield, Monocacy National Battlefield, Monocacy
Astronomy,MD, National Seashore, Assateague Island National Seashore, Assateague Island
Astronomy,MD, National Scenic Trail, Appalachian National Scenic Trail, Appalachian
Camping,MD, National Battlefield, Antietam National Battlefield, Antietam
Camping,MD, National Seashore, Assateague Island National Seashore, Assateague Island
Camping,MD, Park, Catoctin Mountain Park, Catoctin Mountain
Camping,MD, National Park, Greenbelt Park, Greenbelt
Camping,MD, National Scenic Trail, Appalachian National Scenic Trail, Appalachian
Camping,MD, National Historical Park, Chesapeake & Ohio Canal National Historical Park, Chesapeake & Ohio Canal
Fishing,MD, National Seashore, Assateague Island National Seashore, Assateague Island
Fishing,MD, Park, Catoctin Mountain Park, Catoctin Mountain
Fishing,MD, Park, Fort Washington Park, Fort Washington
Fishing,MD, National Historic Trail, Captain John Smith Chesapeake National Historic Trail, Captain John Smith Chesapeake
Fishing,MD, National Historical Park, Chesapeake & Ohio Canal National Historical Park, Chesapeake & Ohio Canal
Hiking,ME, National Park, Acadia National Park, Acadia
Hiking,ME, National Scenic Trail, Appalachian National Scenic Trail, Appalachian
Astronomy,ME, National Park, Acadia National Park, Acadia
Astronomy,ME, National Scenic Trail, Appalachian National Scenic Trail, Appalachian
Camping,ME, National Park, Acadia National Park, Acadia
Camping,ME, National Scenic Trail, Appalachian National Scenic Trail, Appalachian
Fishing,ME, National Park, Acadia National Park, Acadia
Fishing,ME, National Monument, Katahdin Woods and Waters National Monument, Katahdin Woods and Waters
ATV,MI, National Lakeshore, Pictured Rocks National Lakeshore, Pictured Rocks
ATV,MI, National Battlefield Park, River Raisin National Battlefield Park, River Raisin
Astronomy,MI, National Park, Isle Royale National Park, Isle Royale
Fishing,MI, National Park, Isle Royale National Park, Isle Royale
Camping,MN, National Monument, Grand Portage National Monument, Grand Portage
Hiking,MO, National Historic Trail, California National Historic Trail, California
ATV,MO, National Scenic Riverways, Ozark National Scenic Riverways, Ozark
ATV,MO, National Historic Trail, California National Historic Trail, California
ATV,MO, National Historic Trail, Lewis & Clark National Historic Trail, Lewis & Clark
ATV,MO, National Historic Trail, Oregon National Historic Trail, Oregon
ATV,MO, National Historic Trail, Pony Express National Historic Trail, Pony Express
ATV,MO, National Historic Trail, Santa Fe National Historic Trail, Santa Fe
ATV,MO, National Historic Trail, Trail Of Tears National Historic Trail, Trail Of Tears
Astronomy,MO, National Park, Gateway Arch National Park, Gateway Arch
Fishing,MO, National Historic Trail, Lewis & Clark National Historic Trail, Lewis & Clark
ATV,MS, Parkway, Natchez Trace Parkway, Natchez Trace
ATV,MS, National Military Park, Shiloh National Military Park, Shiloh
Astronomy,MS, Parkway, Natchez Trace Parkway, Natchez Trace
Camping,MS, National Seashore, Gulf Islands National Seashore, Gulf Islands
Fishing,MS, National Seashore, Gulf Islands National Seashore, Gulf Islands
Hiking,MT, National Recreation Area, Bighorn Canyon National Recreation Area, Bighorn Canyon
Hiking,MT, National Battlefield, Big Hole National Battlefield, Big Hole
ATV,MT, National Recreation Area, Bighorn Canyon National Recreation Area, Bighorn Canyon
ATV,MT, National Park, Glacier National Park, Glacier
ATV,MT, National Historic Trail, Lewis & Clark National Historic Trail, Lewis & Clark
Astronomy,MT, National Recreation Area, Bighorn Canyon National Recreation Area, Bighorn Canyon
Astronomy,MT, National Park, Glacier National Park, Glacier
Camping,MT, National Recreation Area, Bighorn Canyon National Recreation Area, Bighorn Canyon
Camping,MT, National Park, Glacier National Park, Glacier
Fishing,MT, National Recreation Area, Bighorn Canyon National Recreation Area, Bighorn Canyon
Fishing,MT, National Battlefield, Big Hole National Battlefield, Big Hole
Fishing,MT, National Park, Glacier National Park, Glacier
Fishing,MT, National Historic Trail, Lewis & Clark National Historic Trail, Lewis & Clark
Hiking,NC, Parkway, Blue Ridge Parkway, Blue Ridge
Hiking,NC, National Seashore, Cape Hatteras National Seashore, Cape Hatteras
Hiking,NC, National Scenic Trail, Appalachian National Scenic Trail, Appalachian
ATV,NC, National Park, Great Smoky Mountains National Park, Great Smoky Mountains
ATV,NC, Parkway, Blue Ridge Parkway, Blue Ridge
ATV,NC, National Seashore, Cape Hatteras National Seashore, Cape Hatteras
ATV,NC, National Seashore, Cape Lookout National Seashore, Cape Lookout
ATV,NC, National Military Park, Guilford Courthouse National Military Park, Guilford Courthouse
ATV,NC, National Historic Trail, Trail Of Tears National Historic Trail, Trail Of Tears
Astronomy,NC, National Park, Great Smoky Mountains National Park, Great Smoky Mountains
Astronomy,NC, National Seashore, Cape Hatteras National Seashore, Cape Hatteras
Astronomy,NC, National Scenic Trail, Appalachian National Scenic Trail, Appalachian
Camping,NC, National Park, Great Smoky Mountains National Park, Great Smoky Mountains
Camping,NC, Parkway, Blue Ridge Parkway, Blue Ridge
Camping,NC, National Seashore, Cape Hatteras National Seashore, Cape Hatteras
Camping,NC, National Seashore, Cape Lookout National Seashore, Cape Lookout
Camping,NC, National Scenic Trail, Appalachian National Scenic Trail, Appalachian
Fishing,NC, National Park, Great Smoky Mountains National Park, Great Smoky Mountains
Fishing,NC, Parkway, Blue Ridge Parkway, Blue Ridge
Fishing,NC, National Seashore, Cape Hatteras National Seashore, Cape Hatteras
Fishing,NC, National Seashore, Cape Lookout National Seashore, Cape Lookout
Fishing,NC, National Park, Great Smoky Mountains National Park, Great Smoky Mountains
ATV,ND, National Park, Theodore Roosevelt National Park, Theodore Roosevelt
ATV,ND, National Historic Trail, Lewis & Clark National Historic Trail, Lewis & Clark
Fishing,ND, National Historic Site, Knife River Indian Villages National Historic Site, Knife River Indian Villages
Fishing,ND, National Historic Trail, Lewis & Clark National Historic Trail, Lewis & Clark
Hiking,NE, National Monument, Agate Fossil Beds National Monument, Agate Fossil Beds
Hiking,NE, National Historic Trail, California National Historic Trail, California
ATV,NE, National Historic Trail, California National Historic Trail, California
ATV,NE, National Historic Trail, Lewis & Clark National Historic Trail, Lewis & Clark
ATV,NE, National Historic Trail, Mormon Pioneer National Historic Trail, Mormon Pioneer
ATV,NE, National Historic Trail, Oregon National Historic Trail, Oregon
ATV,NE, National Historic Trail, Pony Express National Historic Trail, Pony Express
ATV,NE, National Recreational River, Missouri National Recreational River, Missouri
Fishing,NE, National Historic Trail, Lewis & Clark National Historic Trail, Lewis & Clark
Astronomy,NE, National Monument, Agate Fossil Beds National Monument, Agate Fossil Beds
Astronomy,NE, National Scenic River, Niobrara National Scenic River, Niobrara
Astronomy,NE, National Recreational River, Missouri National Recreational River, Missouri
Hiking,NH, National Scenic Trail, Appalachian National Scenic Trail, Appalachian
Astronomy,NH, National Historical Park, Saint-Gaudens National Historical Park, Saint-Gaudens
Astronomy,NH, National Scenic Trail, Appalachian National Scenic Trail, Appalachian
Camping,NH, National Scenic Trail, Appalachian National Scenic Trail, Appalachian
Camping,NH, National Scenic Trail, Appalachian National Scenic Trail, Appalachian
Hiking,NJ, National Recreation Area, Delaware Water Gap National Recreation Area, Delaware Water Gap
Hiking,NJ, National Scenic Trail, Appalachian National Scenic Trail, Appalachian
ATV,NJ, National Recreation Area, Delaware Water Gap National Recreation Area, Delaware Water Gap
ATV,NJ, National Wild and Scenic River, Lower Delaware National Wild and Scenic River, Lower Delaware
Astronomy,NJ, National Recreation Area, Great Egg Harbor River, Great Egg Harbor River
Astronomy,NJ, National Scenic Trail, Appalachian National Scenic Trail, Appalachian
Camping,NJ, National Recreation Area, Delaware Water Gap National Recreation Area, Delaware Water Gap
Camping,NJ, National Recreation Area, Great Egg Harbor River, Great Egg Harbor River
Camping,NJ, National Scenic Trail, Appalachian National Scenic Trail, Appalachian
Camping,NJ, National Recreation Area, Gateway National Recreation Area, Gateway
Fishing,NJ, National Recreation Area, Delaware Water Gap National Recreation Area, Delaware Water Gap
Fishing,NJ, National Recreation Area, Great Egg Harbor River, Great Egg Harbor River
Fishing,NJ, National Recreation Area, Gateway National Recreation Area, Gateway
Hiking,NM, National Historic Trail, El Camino Real de Tierra Adentro National Historic Trail, El Camino Real de Tierra Adentro
Hiking,NM, National Monument, Aztec Ruins National Monument, Aztec Ruins
Hiking,NM, National Monument, Bandelier National Monument, Bandelier
Hiking,NM, National Park, Carlsbad Caverns National Park, Carlsbad Caverns
Hiking,NM, National Monument, Capulin Volcano National Monument, Capulin Volcano
Hiking,NM, National Historical Park, Chaco Culture National Historical Park, Chaco Culture
Hiking,NM, National Monument, El Malpais National Monument, El Malpais
Hiking,NM, National Monument, El Morro National Monument, El Morro
ATV,NM, National Historic Trail, El Camino Real de Tierra Adentro National Historic Trail, El Camino Real de Tierra Adentro
ATV,NM, National Monument, El Malpais National Monument, El Malpais
ATV,NM, National Preserve, Valles Caldera National Preserve, Valles Caldera
ATV,NM, National Historic Trail, Old Spanish National Historic Trail, Old Spanish
ATV,NM, National Historic Trail, Santa Fe National Historic Trail, Santa Fe
Astronomy,NM, National Monument, Bandelier National Monument, Bandelier
Astronomy,NM, National Park, Carlsbad Caverns National Park, Carlsbad Caverns
Astronomy,NM, National Monument, Capulin Volcano National Monument, Capulin Volcano
Astronomy,NM, National Historical Park, Chaco Culture National Historical Park, Chaco Culture
Astronomy,NM, National Monument, El Malpais National Monument, El Malpais
Astronomy,NM, National Monument, El Morro National Monument, El Morro
Astronomy,NM, National Monument, Gila Cliff Dwellings National Monument, Gila Cliff Dwellings
Camping,NM, National Monument, Bandelier National Monument, Bandelier
Camping,NM, National Park, Carlsbad Caverns National Park, Carlsbad Caverns
Camping,NM, National Historical Park, Chaco Culture National Historical Park, Chaco Culture
Camping,NM, National Monument, El Malpais National Monument, El Malpais
Camping,NM, National Monument, El Morro National Monument, El Morro
Camping,NM, National Monument, Gila Cliff Dwellings National Monument, Gila Cliff Dwellings
Hiking,NV, National Historic Trail, California National Historic Trail, California
Hiking,NV, National Park, Death Valley National Park, Death Valley
ATV,NV, National Park, Great Basin National Park, Great Basin
ATV,NV, National Historic Trail, California National Historic Trail, California
ATV,NV, National Historic Trail, Old Spanish National Historic Trail, Old Spanish
ATV,NV, National Historic Trail, Pony Express National Historic Trail, Pony Express
ATV,NV, National Recreation Area,Lake Mead National Recreation Area, Lake Mead
Camping,NV, National Park, Great Basin National Park, Great Basin
Camping,NV, National Park, Death Valley National Park, Death Valley
Camping,NV, National Park, Death Valley National Park, Death Valley
Fishing,NV, National Park, Great Basin National Park, Great Basin
Fishing,NV, National Recreation Area, Lake Mead National Recreation Area, Lake Mead
Astronomy,NV, National Park,Great Basin National Park, Great Basin
Astronomy,NV, National Park, Death Valley National Park, Death Valley
Hiking,NY, National Historic Site, Eleanor Roosevelt National Historic Site, Eleanor Roosevelt
Hiking,NY, National Seashore, Fire Island National Seashore, Fire Island
Hiking,NY, National Scenic Trail, Appalachian National Scenic Trail, Appalachian
ATV,NY, National Historical Park, Saratoga National Historical Park, Saratoga
Astronomy,NY, National Monument, Fort Stanwix National Monument, Fort Stanwix
Astronomy,NY, National Park, National Parks of New York Harbor, National Parks of New York Harbor
Astronomy,NY, National Historic Site, Sagamore Hill National Historic Site, Sagamore Hill
Astronomy,NY, National Scenic Trail, Appalachian National Scenic Trail, Appalachian
Camping,NY, National Recreation Area, Gateway National Recreation Area, Gateway
Camping,NY, National Seashore, Fire Island National Seashore, Fire Island
Camping,NY, National Scenic Trail, Appalachian National Scenic Trail, Appalachian
Fishing,NY, National Recreation Area, Gateway National Recreation Area, Gateway
Fishing,NY, National Seashore, Fire Island National Seashore, Fire Island
Fishing,NY, National Historic Trail, Captain John Smith Chesapeake National Historic Trail, Captain John Smith Chesapeake
Hiking,OH, National Park, Cuyahoga Valley National Park, Cuyahoga Valley
ATV,OH, National Historic Trail, Lewis & Clark National Historic Trail, Lewis & Clark
Astronomy,OH, Memorial," ""Perrys Victory & International Peace Memorial"""," ""Perrys Victory & International Peace"""
Camping,OH, National Park, Cuyahoga Valley National Park, Cuyahoga Valley
Fishing,OH, National Park, Cuyahoga Valley National Park, Cuyahoga Valley
Fishing,OH, National Historic Trail, Lewis & Clark National Historic Trail, Lewis & Clark
Hiking,OK, National Recreation Area, Chickasaw National Recreation Area, Chickasaw
ATV,OK, National Historic Trail, Trail Of Tears National Historic Trail, Trail Of Tears
ATV,OK, National Historic Trail, Santa Fe National Historic Trail, Santa Fe
Astronomy,OK, National Recreation Area, Chickasaw National Recreation Area, Chickasaw
Camping,OK, National Recreation Area, Chickasaw National Recreation Area, Chickasaw
Fishing,OK, National Recreation Area, Chickasaw National Recreation Area, Chickasaw
Hiking,OR, National Park, Crater Lake National Park, Crater Lake
Hiking,OR, National Historic Trail, California National Historic Trail, California
ATV,OR, National Park, Crater Lake National Park, Crater Lake
ATV,OR, National Historic Trail, California National Historic Trail, California
ATV,OR, National Historic Trail, Lewis & Clark National Historic Trail, Lewis & Clark
ATV,OR, National Historic Trail, Oregon National Historic Trail, Oregon
Astronomy,OR, National Park, Crater Lake National Park, Crater Lake
Camping,OR, National Park,Crater Lake National Park, Crater Lake
Fishing,OR, National Historical Park, Lewis and Clark National Historical Park, Lewis and Clark
Fishing,OR, National Park, Crater Lake National Park, Crater Lake
Fishing,OR, National Historic Trail, Lewis & Clark National Historic Trail, Lewis & Clark
Hiking,PA, National Historic Site, Allegheny Portage Railroad National Historic Site, Allegheny Portage Railroad
Hiking,PA, National Memorial, Flight 93 National Memorial, Flight 174
Hiking,PA, National Scenic Trail, Appalachian National Scenic Trail, Appalachian
Hiking,PA, National Recreation Area, Delaware Water Gap National Recreation Area, Delaware Water Gap
ATV,PA, National Wild and Scenic River, Lower Delaware National Wild and Scenic River, Lower Delaware
ATV,PA, National Memorial, Flight 93 National Memorial, Flight 119
ATV,PA, National Military Park, Gettysburg National Military Park, Gettysburg
ATV,PA, National Historical Park, Valley Forge National Historical Park, Valley Forge
ATV,PA, National Historic Trail, Lewis & Clark National Historic Trail, Lewis & Clark
ATV,PA, National Recreation Area, Delaware Water Gap National Recreation Area, Delaware Water Gap
Astronomy,PA, National Historic Site, Allegheny Portage Railroad National Historic Site, Allegheny Portage Railroad
Astronomy,PA, National Historic Site, Hopewell Furnace National Historic Site, Hopewell Furnace
Astronomy,PA, National Scenic Trail, Appalachian National Scenic Trail, Appalachian
Camping,PA, National Military Park, Gettysburg National Military Park, Gettysburg
Camping,PA, National Scenic Trail, Appalachian National Scenic Trail, Appalachian
Camping,PA, National Recreation Area, Delaware Water Gap National Recreation Area, Delaware Water Gap
Fishing,PA, National Historic Trail, Captain John Smith Chesapeake National Historic Trail, Captain John Smith Chesapeake
Fishing,PA, National Historic Trail, Lewis & Clark National Historic Trail, Lewis & Clark
Fishing,PA, National Recreation Area, Delaware Water Gap National Recreation Area, Delaware Water Gap
Fishing,PA, National Historical Park, First State National Historical Park, First State
Camping,RI, National Historical Park, Blackstone River Valley National Historical Park, Blackstone River Valley
Fishing,RI, National Historical Park, Blackstone River Valley National Historical Park, Blackstone River Valley
Hiking,SC, National Historic Site, Charles Pinckney National Historic Site, Charles Pinckney
Hiking,SC, National Park, Congaree National Park, Congaree
Astronomy,SC, National Historical Park, Fort Sumter and Fort Moultrie National Historical Park, Fort Sumter and Fort Moultrie
Camping,SC, National Park,Congaree National Park, Congaree
Fishing,SC, National Park, Congaree National Park, Congaree
Fishing,SC, National Historical Park, Fort Sumter and Fort Moultrie National Historical Park, Fort Sumter and Fort Moultrie
Hiking,SD, National Park, Badlands National Park, Badlands
ATV,SD, National Historic Trail, Lewis & Clark National Historic Trail, Lewis & Clark
Astronomy,SD, National Recreational River, Missouri National Recreational River, Missouri
Astronomy,SD, National Park, Badlands National Park, Badlands
Camping,SD, National Park, Badlands National Park, Badlands
Fishing,SD, National Historic Trail, Lewis & Clark National Historic Trail, Lewis & Clark
ATV,SD, National Recreational River, Missouri National Recreational River, Missouri
ATV,SD, National Park, Badlands National Park, Badlands
Hiking,TN, National Scenic Trail, Appalachian National Scenic Trail, Appalachian
Hiking,TN, National Historical Park, Cumberland Gap National Historical Park, Cumberland Gap
Hiking,TN, National River & Recreation Area, Big South Fork National River & Recreation Area, Big South Fork
Hiking,TN, National Battlefield, Fort Donelson National Battlefield, Fort Donelson
ATV,TN, National Military Park, Chickamauga & Chattanooga National Military Park, Chickamauga & Chattanooga
ATV,TN, National Battlefield, Fort Donelson National Battlefield, Fort Donelson
ATV,TN, National Park, Great Smoky Mountains National Park, Great Smoky Mountains
ATV,TN, Parkway, Natchez Trace Parkway, Natchez Trace
ATV,TN, National Historic Trail, Trail Of Tears National Historic Trail, Trail Of Tears
Astronomy,TN, Wild & Scenic River, Obed Wild & Scenic River, Obed
Astronomy,TN, National Scenic Trail, Appalachian National Scenic Trail, Appalachian
Astronomy,TN, National River & Recreation Area, Big South Fork National River & Recreation Area, Big South Fork
Astronomy,TN, National Park, Great Smoky Mountains National Park, Great Smoky Mountains
Astronomy,TN, Parkway, Natchez Trace Parkway, Natchez Trace
Camping,TN, National Historical Park, Cumberland Gap National Historical Park, Cumberland Gap
Camping,TN, National Scenic Trail, Appalachian National Scenic Trail, Appalachian
Camping,TN, National River & Recreation Area, Big South Fork National River & Recreation Area, Big South Fork
Camping,TN, National Park, Great Smoky Mountains National Park, Great Smoky Mountains
Fishing,TN, National River & Recreation Area, Big South Fork National River & Recreation Area, Big South Fork
Fishing,TN, National Park, Great Smoky Mountains National Park, Great Smoky Mountains
ATV,TN, National Military Park, Shiloh National Military Park, Shiloh
Hiking,TX, National Recreation Area, Amistad National Recreation Area, Amistad
Hiking,TX, National Park, Big Bend National Park, Big Bend
Hiking,TX, National Preserve, Big Thicket National Preserve, Big Thicket
Hiking,TX, National Memorial,Chamizal National Memorial, Chamizal
Hiking,TX, National Historic Site, Fort Davis National Historic Site, Fort Davis
Hiking,TX, National Historic Trail, El Camino Real de Tierra Adentro National Historic Trail, El Camino Real de Tierra Adentro
ATV,TX, National Historic Trail, El Camino Real de Tierra Adentro National Historic Trail, El Camino Real de Tierra Adentro
Astronomy,TX, National Park, Big Bend National Park, Big Bend
Camping,TX, National Monument, Alibates Flint Quarries National Monument, Alibates Flint Quarries
Camping,TX, National Recreation Area, Amistad National Recreation Area, Amistad
Camping,TX, National Park, Big Bend National Park, Big Bend
Camping,TX, National Preserve, Big Thicket National Preserve, Big Thicket
Camping,TX, National Park, Guadalupe Mountains National Park, Guadalupe Mountains
Fishing,TX, National Recreation Area, Amistad National Recreation Area, Amistad
Fishing,TX, National Park, Big Bend National Park, Big Bend
Fishing,TX, National Preserve, Big Thicket National Preserve, Big Thicket
Fishing,TX, National Recreation Area, Lake Meredith National Recreation Area, Lake Meredith
ATV,TX, National Recreation Area, Lake Meredith National Recreation Area, Lake Meredith
ATV,TX, National Seashore, Padre Island National Seashore, Padre Island
ATV,TX, National Historic Trail, El Camino Real de los Tejas National Historic Trail, El Camino Real de los Tejas
ATV,TX, National Park, Big Bend National Park, Big Bend
ATV,TX, National Park, Guadalupe Mountains National Park, Guadalupe Mountains
Hiking,UT, National Park, Arches National Park, Arches
Hiking,UT, National Park, Bryce Canyon National Park, Bryce Canyon
Hiking,UT, National Park, Canyonlands National Park, Canyonlands
Hiking,UT, National Park, Capitol Reef National Park, Capitol Reef
Hiking,UT, National Monument, Cedar Breaks National Monument, Cedar Breaks
Hiking,UT, National Historic Trail, California National Historic Trail, California
Hiking,UT, National Monument, Dinosaur National Monument, Dinosaur
ATV,UT, National Historic Trail, California National Historic Trail, California
ATV,UT, National Historic Trail, Mormon Pioneer National Historic Trail, Mormon Pioneer
ATV,UT, National Historic Trail, Pony Express National Historic Trail, Pony Express
ATV,UT, National Recreation Area, Glen Canyon National Recreation Area, Glen Canyon
ATV,UT, National Historic Trail, Old Spanish National Historic Trail, Old Spanish
Camping,UT, National Park, Arches National Park, Arches
Camping,UT, National Park, Bryce Canyon National Park, Bryce Canyon
Camping,UT, National Park, Canyonlands National Park, Canyonlands
Camping,UT, National Park, Capitol Reef National Park, Capitol Reef
Camping,UT, National Monument, Cedar Breaks National Monument, Cedar Breaks
Camping,UT, National Monument, Dinosaur National Monument, Dinosaur
Camping,UT, National Recreation Area, Glen Canyon National Recreation Area, Glen Canyon National Recreation Area
Fishing,UT, National Park, Capitol Reef National Park, Capitol Reef
Fishing,UT, National Monument, Dinosaur National Monument, Dinosaur
Fishing,UT, National Recreation Area, Glen Canyon National Recreation Area, Glen Canyon
Astronomy,UT, National Park, Arches National Park, Arches
Astronomy,UT, National Park, Bryce Canyon National Park, Bryce Canyon
Astronomy,UT, National Park, Canyonlands National Park, Canyonlands
Astronomy,UT, National Park, Capitol Reef National Park, Capitol Reef
Astronomy,UT, National Monument, Cedar Breaks National Monument, Cedar Breaks
Astronomy,UT, National Monument, Natural Bridges National Monument, Natural Bridges
Astronomy,UT, National Monument, Dinosaur National Monument, Dinosaur
Astronomy,UT, National Recreation Area, Glen Canyon National Recreation Area, Glen Canyon
Astronomy,UT, National Monument, Hovenweep National Monument, Hovenweep
Hiking,VA, National Historical Park, Appomattox Court House National Historical Park, Appomattox Court House
Hiking,VA, National Monument, Booker T Washington National Monument, Booker T Washington
Hiking,VA, National Scenic Trail, Appalachian National Scenic Trail, Appalachian
Hiking,VA, National Seashore, Assateague Island National Seashore, Assateague Island
Hiking,VA, Parkway, Blue Ridge Parkway, Blue Ridge
Hiking,VA, National Historical Park, Cumberland Gap National Historical Park, Cumberland Gap
Hiking,VA, National Historical Park, Civil War Defenses of Washington, Civil War Defenses of Washington
ATV,VA, National Seashore, Assateague Island National Seashore, Assateague Island
ATV,VA, Parkway, Blue Ridge Parkway, Blue Ridge
Astronomy,VA, National Historical Park, Appomattox Court House National Historical Park, Appomattox Court House
Astronomy,VA, National Historical Park, Cedar Creek & Belle Grove National Historical Park, Cedar Creek & Belle Grove
Astronomy,VA, National Scenic Trail, Appalachian National Scenic Trail, Appalachian
Astronomy,VA, National Seashore, Assateague Island National Seashore, Assateague Island
Camping,VA, National Scenic Trail, Appalachian National Scenic Trail, Appalachian
Camping,VA, National Seashore, Assateague Island National Seashore, Assateague Island
Camping,VA, Parkway, Blue Ridge Parkway, Blue Ridge
Camping,VA, National Historical Park, Cumberland Gap National Historical Park, Cumberland Gap
Fishing,VA, National Historic Trail, Captain John Smith Chesapeake National Historic Trail, Captain John Smith Chesapeake
Fishing,VA, National Seashore, Assateague Island National Seashore, Assateague Island
Fishing,VA, Parkway, Blue Ridge Parkway, Blue Ridge
Fishing,VA, National Monument, George Washington Birthplace National Monument, George Washington Birthplace
ATV,VA, National Historical Park, Appomattox Court House National Historical Park, Appomattox Court House
ATV,VA, National Historical Park, Colonial National Historical Park, Colonial
ATV,VA, National Preserve, Green Springs, Green Springs
ATV,VA, National Battlefield, Petersburg National Battlefield, Petersburg
Hiking,VI, National Monument, Buck Island Reef National Monument, Buck Island Reef
Hiking,VT, National Scenic Trail, Appalachian National Scenic Trail, Appalachian
Astronomy,VT, National Scenic Trail, Appalachian National Scenic Trail, Appalachian
Camping,VT, National Scenic Trail, Appalachian National Scenic Trail, Appalachian
Hiking,WA," ebla, designation", National Historical Reserve," ""Ebeys Landing National Historical Reserve"""
ATV,WA, National Historic Trail, Lewis & Clark National Historic Trail, Lewis & Clark
ATV,WA, National Historic Trail, Oregon National Historic Trail, Oregon
Astronomy,WA, National Historical Reserve," ""Ebeys Landing National Historical Reserve"""," ""Ebeys Landing"""
Astronomy,WA, National Park, Mount Rainier National Park, Mount Rainier
Astronomy,WA, National Park, Olympic National Park, Olympic
Camping,WA, National Historical Reserve," ""Ebeys Landing National Historical Reserve"""," ""Ebeys Landing"""
Fishing,WA, National Historical Reserve," ""Ebeys Landing National Historical Reserve"""," ""Ebeys Landing"""
Fishing,WA, National Recreation Area, Lake Roosevelt National Recreation Area, Lake Roosevelt
Fishing,WA, National Historic Trail, Lewis & Clark National Historic Trail, Lewis & Clark
Fishing,WA, National Historical Park, Lewis and Clark National Historical Park, Lewis and Clark
ATV,WA, National Park, Mount Rainier National Park, Mount Rainier
ATV,WA, National Park, North Cascades National Park, North Cascades
Hiking,WI, National Lakeshore, Apostle Islands National Lakeshore, Apostle Islands
Camping,WI, National Lakeshore, Apostle Islands National Lakeshore, Apostle Islands
Fishing,WI, National Lakeshore, Apostle Islands National Lakeshore, Apostle Islands
Fishing,WI, National Scenic Trail, Ice Age National Scenic Trail, Ice Age
Hiking,WV, National Scenic River, Bluestone National Scenic River, Bluestone
Hiking,WV, National Scenic Trail, Appalachian National Scenic Trail, Appalachian
Hiking,WV, National Historical Park, Chesapeake & Ohio Canal National Historical Park, Chesapeake & Ohio Canal
ATV,WV, National Historic Trail, Lewis & Clark National Historic Trail, Lewis & Clark
Astronomy,WV, National Scenic Trail, Appalachian National Scenic Trail, Appalachian
Astronomy,WV, National Park and Preserve, New River Gorge National Park and Preserve, New River Gorge
Camping,WV, National Recreation Area, Gauley River National Recreation Area, Gauley River
Camping,WV, National Scenic Trail, Appalachian National Scenic Trail, Appalachian
Camping,WV, National Historical Park, Chesapeake & Ohio Canal National Historical Park, Chesapeake & Ohio Canal
Fishing,WV, National Scenic River, Bluestone National Scenic River, Bluestone
Fishing,WV, National Recreation Area, Gauley River National Recreation Area, Gauley River
Fishing,WV, National Historical Park, Chesapeake & Ohio Canal National Historical Park, Chesapeake & Ohio Canal
Fishing,WV, National Historic Trail, Lewis & Clark National Historic Trail, Lewis & Clark
ATV,WV, National Park and Preserve, New River Gorge National Park and Preserve, New River Gorge
Hiking,WY, National Monument, Devils Tower National Monument, Devils Tower
Hiking,WY, National Monument, Fossil Butte National Monument, Fossil Butte
Hiking,WY, National Recreation Area, Bighorn Canyon National Recreation Area, Bighorn Canyon
Hiking,WY, National Historic Trail, California National Historic Trail, California
ATV,WY, National Historic Trail, Mormon Pioneer National Historic Trail, Mormon Pioneer
ATV,WY, National Recreation Area, Bighorn Canyon National Recreation Area, Bighorn Canyon
ATV,WY, National Historic Trail, California National Historic Trail, California
ATV,WY, National Historic Trail, Oregon National Historic Trail, Oregon
ATV,WY, National Historic Trail, Pony Express National Historic Trail, Pony Express
Camping,WY, National Monument, Devils Tower National Monument, Devils Tower
Camping,WY, National Park, Grand Teton National Park, Grand Teton
Camping,WY, National Recreation Area, Bighorn Canyon National Recreation Area, Bighorn Canyon
Fishing,WY, National Historic Site,Fort Laramie National Historic Site, Fort Laramie
Fishing,WY, National Park, Grand Teton National Park, Grand Teton
Fishing,WY, National Recreation Area, Bighorn Canyon National Recreation Area, Bighorn Canyon
ATV,WY, National Monument, Fossil Butte National Monument, Fossil Butte
ATV,WY, National Park, Grand Teton National Park, Grand Teton
Astronomy,WY, National Monument, Devils Tower National Monument, Devils Tower
Astronomy,WY, National Recreation Area, Bighorn Canyon National Recreation Area, Bighorn Canyon
